original_commit	standalone_commit
0a44d50e8b0a3338aac158c0b83cc5afac1943bc	cc04db7deb2cc1cdf0e0160aa487f4af17c5666f
11da0cc8f013ac6683286bb75d550023fc055d9b	26d8eed577bba0a08c9f670233f3095fe72bfeac
1dad4053f41d8ecd7ed0df0112cad3664c013f1e	3b4d88200853667024ab1742e9812938e2f8f8a0
264aae32327f3fcfb5b464f4845770c326571dfa	57a365d16b87cfc7eb851814065c53bde408ad93
412fe8ad688065c9898278e625407bcb46a0eef9	266b66b51d66dbd6255d47613762ecf6601c5167
44a67d1bff285a9de1d278bea4a2f411e70b3f9f	e233faefb8d1cdc1dbeaaf08ca2e2e3f5f221dc9
5109987e18945b268347a55fd436d6dccbb7bfca	0174d9ab8daa405987f7c402dd44a29a8f96f8e6
5f5c35a4377eb740f3a702bf73d2437891b0b74d	a7b1277e42811dde4b7f009a8eb1e5eef80121d1
6728a9df789bf99c9fcdd2cecd0e8b50c6832c6f	fcebad0acc2a7710f58f97bd6bae1a6391f2f6b7
75db9e64c8de2df3df7535bc72cc339bda9380aa	96acedadbf5cfa5919c5a568c24ad11b46d2f7b3
7dd6e9b63feb7b4dda37f8481d39d284012a64b5	d02e56710ec8d14c5c5156b44875c2391d5f8915
839bd68276c9ab46c69a4de6756bd31315cf077b	c1741f3b87a78d292a152f9513f1c82ac91c6d78
a120eb2fe1c676f7c394e5d92aed21079d98ba8c	6eaae53fe9445f2c9c2dbf91a1e008230aa9c714
b803576542a636b0412b214f74cfdaa94be465cc	e87bd0b33364089b243c61b8408c2ad96c1cdce3
c3f09bceccc6f9d351fe6146f9f2a97699c062de	6e6b5f9808a7098d8520d8d9b723e87355aae42a
c4322596b4b201021b295a886d3eea01af4cba14	32724b2c0dcdbbfb05d6856488018b403c4ff156
f656cc34008de1cf203022bda9b101ca342c0f67	7b7bd581e2cc2543d99039d238f11acade53dea6
